dataset;classifier;model-id;validation;accuracy;precision-micro;precision-macro;precision-weighted;recall-micro;recall-macro;recall-weighted;f1-score-micro;f1-score-macro;f1-score-weighted;auc-roc;training-time-total;prediction-time-avg;prediction-time-total;time-stamp
sepsis_sample_100_raw;LSTM;1;split-0.8;0.5638297872340425;0.5638297872340425;0.4813161843092352;0.5946651778192774;0.5638297872340425;0.4361864497092781;0.5638297872340425;0.5638297872340425;0.43061900064124703;0.5599796218380337;0.9025658064966194;100.593693;0.06499050354609928;18.327322;2021-03-03T23:56:52.730176+01:00
